{
  "schema_version": 1,
  "platform": "darwin",
  "machine": {
    "uname": "arm64",
    "cpu": "Apple M1 Pro"
  },
  "timestamp": 1775691798,
  "results": [
    {
      "compressor": "gzip-9",
      "corpus": "enwik6",
      "input_bytes": 1000000,
      "compressed_bytes": 355798,
      "ratio": 0.355798,
      "roundtrip_ok": true,
      "compress_wall_s": 0.04361787499510683,
      "compress_user_s": 0.038607999999999996,
      "compress_sys_s": 0.0025629999999999993,
      "compress_peak_kb": 1904,
      "compress_mb_per_s": 22.926380528904325,
      "decompress_wall_s": 0.007166541996411979,
      "decompress_user_s": 0.0024220000000000075,
      "decompress_sys_s": 0.002848,
      "decompress_peak_kb": 1904,
      "decompress_mb_per_s": 139.53731109099238,
      "samples": 3,
      "raw_compress_walls": [
        0.044806917023379356,
        0.04218095800024457,
        0.04361787499510683
      ],
      "raw_decompress_walls": [
        0.006450916000176221,
        0.007166541996411979,
        0.008933415985666215
      ],
      "error": null
    },
    {
      "compressor": "bzip2-9",
      "corpus": "enwik6",
      "input_bytes": 1000000,
      "compressed_bytes": 281323,
      "ratio": 0.281323,
      "roundtrip_ok": true,
      "compress_wall_s": 0.05926945898681879,
      "compress_user_s": 0.05318099999999999,
      "compress_sys_s": 0.0037939999999999988,
      "compress_peak_kb": 7744,
      "compress_mb_per_s": 16.87209596804983,
      "decompress_wall_s": 0.02763887500623241,
      "decompress_user_s": 0.02099000000000001,
      "decompress_sys_s": 0.004085999999999999,
      "decompress_peak_kb": 7744,
      "decompress_mb_per_s": 36.180922695822666,
      "samples": 3,
      "raw_compress_walls": [
        0.05973249999806285,
        0.05926945898681879,
        0.05882820798433386
      ],
      "raw_decompress_walls": [
        0.027684792003128678,
        0.02763887500623241,
        0.026442375004990026
      ],
      "error": null
    },
    {
      "compressor": "xz-9e",
      "corpus": "enwik6",
      "input_bytes": 1000000,
      "compressed_bytes": 290740,
      "ratio": 0.29074,
      "roundtrip_ok": true,
      "compress_wall_s": 0.2610486669873353,
      "compress_user_s": 0.24560900000000008,
      "compress_sys_s": 0.012198,
      "compress_peak_kb": 77792,
      "compress_mb_per_s": 3.8307033379661526,
      "decompress_wall_s": 0.01867229098570533,
      "decompress_user_s": 0.013561000000000045,
      "decompress_sys_s": 0.0035519999999999996,
      "decompress_peak_kb": 77792,
      "decompress_mb_per_s": 53.55529221162819,
      "samples": 3,
      "raw_compress_walls": [
        0.2663565419788938,
        0.2580648330040276,
        0.2610486669873353
      ],
      "raw_decompress_walls": [
        0.01892750000115484,
        0.01867229098570533,
        0.018545166007243097
      ],
      "error": null
    },
    {
      "compressor": "zstd-22",
      "corpus": "enwik6",
      "input_bytes": 1000000,
      "compressed_bytes": 300114,
      "ratio": 0.300114,
      "roundtrip_ok": true,
      "compress_wall_s": 0.2200291670160368,
      "compress_user_s": 0.2124569999999999,
      "compress_sys_s": 0.005663000000000001,
      "compress_peak_kb": 77792,
      "compress_mb_per_s": 4.544852001040003,
      "decompress_wall_s": 0.00774987498880364,
      "decompress_user_s": 0.0025360000000000937,
      "decompress_sys_s": 0.003383999999999998,
      "decompress_peak_kb": 77792,
      "decompress_mb_per_s": 129.03433944995433,
      "samples": 3,
      "raw_compress_walls": [
        0.22620766700129025,
        0.21948670799611136,
        0.2200291670160368
      ],
      "raw_decompress_walls": [
        0.008076666010310873,
        0.00774987498880364,
        0.007371124986093491
      ],
      "error": null
    },
    {
      "compressor": "krunch-rust-200k",
      "corpus": "enwik6",
      "input_bytes": 1000000,
      "compressed_bytes": 206020,
      "ratio": 0.20602,
      "roundtrip_ok": true,
      "compress_wall_s": 11.206569083005888,
      "compress_user_s": 88.303151,
      "compress_sys_s": 0.5872729999999999,
      "compress_peak_kb": 77792,
      "compress_mb_per_s": 0.0892333766555227,
      "decompress_wall_s": 10.447333666001214,
      "decompress_user_s": 89.351401,
      "decompress_sys_s": 0.596368,
      "decompress_peak_kb": 77792,
      "decompress_mb_per_s": 0.09571820255481096,
      "samples": 3,
      "raw_compress_walls": [
        11.277961041982053,
        11.206569083005888,
        10.909756708977511
      ],
      "raw_decompress_walls": [
        10.447333666001214,
        10.501753166987328,
        10.439240500010783
      ],
      "error": null
    }
  ]
}