{
  "schema_version": 1,
  "platform": "darwin",
  "machine": {
    "uname": "arm64",
    "cpu": "Apple M1 Pro"
  },
  "timestamp": 1775684310,
  "results": [
    {
      "compressor": "gzip-6",
      "corpus": "enwik6",
      "input_bytes": 1000000,
      "compressed_bytes": 356711,
      "ratio": 0.356711,
      "roundtrip_ok": true,
      "compress_wall_s": 0.03688729100394994,
      "compress_user_s": 0.03239,
      "compress_sys_s": 0.0027979999999999984,
      "compress_peak_kb": 1904,
      "compress_mb_per_s": 27.10960801900358,
      "decompress_wall_s": 0.006612249999307096,
      "decompress_user_s": 0.0023240000000000205,
      "decompress_sys_s": 0.002588,
      "decompress_peak_kb": 1904,
      "decompress_mb_per_s": 151.2344512238332,
      "samples": 5,
      "raw_compress_walls": [
        0.04395820898935199,
        0.03688729100394994,
        0.036330666014691815,
        0.03795954197994433,
        0.03678541601402685
      ],
      "raw_decompress_walls": [
        0.006743667006958276,
        0.006143167003756389,
        0.006600458000320941,
        0.006861833011498675,
        0.006612249999307096
      ],
      "error": null
    },
    {
      "compressor": "gzip-9",
      "corpus": "enwik6",
      "input_bytes": 1000000,
      "compressed_bytes": 355798,
      "ratio": 0.355798,
      "roundtrip_ok": true,
      "compress_wall_s": 0.04334316699532792,
      "compress_user_s": 0.03861500000000001,
      "compress_sys_s": 0.002812999999999996,
      "compress_peak_kb": 1952,
      "compress_mb_per_s": 23.07168740364064,
      "decompress_wall_s": 0.00667974998941645,
      "decompress_user_s": 0.0023739999999999872,
      "decompress_sys_s": 0.002571000000000004,
      "decompress_peak_kb": 1952,
      "decompress_mb_per_s": 149.7062018165984,
      "samples": 5,
      "raw_compress_walls": [
        0.042553999985102564,
        0.04335220798384398,
        0.043392708990722895,
        0.04330045799724758,
        0.04334316699532792
      ],
      "raw_decompress_walls": [
        0.006470916006946936,
        0.006486083002528176,
        0.007122542010620236,
        0.00667974998941645,
        0.006819166999775916
      ],
      "error": null
    },
    {
      "compressor": "bzip2-9",
      "corpus": "enwik6",
      "input_bytes": 1000000,
      "compressed_bytes": 281323,
      "ratio": 0.281323,
      "roundtrip_ok": true,
      "compress_wall_s": 0.05904183301026933,
      "compress_user_s": 0.052902000000000005,
      "compress_sys_s": 0.003836000000000006,
      "compress_peak_kb": 7744,
      "compress_mb_per_s": 16.937143530521265,
      "decompress_wall_s": 0.026769707998028025,
      "decompress_user_s": 0.02072799999999997,
      "decompress_sys_s": 0.004059999999999994,
      "decompress_peak_kb": 7744,
      "decompress_mb_per_s": 37.35565588065676,
      "samples": 5,
      "raw_compress_walls": [
        0.05904183301026933,
        0.059309834003215656,
        0.05920870800036937,
        0.05824970899266191,
        0.05867625001701526
      ],
      "raw_decompress_walls": [
        0.026941958989482373,
        0.026331457978812978,
        0.02933449999545701,
        0.026769707998028025,
        0.026217834005365148
      ],
      "error": null
    },
    {
      "compressor": "xz-6",
      "corpus": "enwik6",
      "input_bytes": 1000000,
      "compressed_bytes": 290700,
      "ratio": 0.2907,
      "roundtrip_ok": true,
      "compress_wall_s": 0.24718779098475352,
      "compress_user_s": 0.23688600000000015,
      "compress_sys_s": 0.0072630000000000056,
      "compress_peak_kb": 28848,
      "compress_mb_per_s": 4.045507247814192,
      "decompress_wall_s": 0.018907958001364022,
      "decompress_user_s": 0.013535000000000075,
      "decompress_sys_s": 0.003706999999999988,
      "decompress_peak_kb": 28848,
      "decompress_mb_per_s": 52.88778407101707,
      "samples": 5,
      "raw_compress_walls": [
        0.2540389579953626,
        0.23525829100981355,
        0.24718779098475352,
        0.2485081659979187,
        0.24024708400247619
      ],
      "raw_decompress_walls": [
        0.01831708400277421,
        0.018049459002213553,
        0.019260416011093184,
        0.020291041990276426,
        0.018907958001364022
      ],
      "error": null
    },
    {
      "compressor": "xz-9e",
      "corpus": "enwik6",
      "input_bytes": 1000000,
      "compressed_bytes": 290740,
      "ratio": 0.29074,
      "roundtrip_ok": true,
      "compress_wall_s": 0.26140925000072457,
      "compress_user_s": 0.2447370000000002,
      "compress_sys_s": 0.013219000000000009,
      "compress_peak_kb": 77792,
      "compress_mb_per_s": 3.8254193376754198,
      "decompress_wall_s": 0.01863795900135301,
      "decompress_user_s": 0.013532999999999795,
      "decompress_sys_s": 0.0037920000000000176,
      "decompress_peak_kb": 77792,
      "decompress_mb_per_s": 53.65394354217678,
      "samples": 5,
      "raw_compress_walls": [
        0.26140925000072457,
        0.24904037499800324,
        0.26474679200327955,
        0.261639499978628,
        0.26038324998808093
      ],
      "raw_decompress_walls": [
        0.019787415978498757,
        0.01828579101129435,
        0.019591250020312145,
        0.01846379099879414,
        0.01863795900135301
      ],
      "error": null
    },
    {
      "compressor": "zstd-3",
      "corpus": "enwik6",
      "input_bytes": 1000000,
      "compressed_bytes": 348943,
      "ratio": 0.348943,
      "roundtrip_ok": true,
      "compress_wall_s": 0.01011108301463537,
      "compress_user_s": 0.005487999999999715,
      "compress_sys_s": 0.003253000000000006,
      "compress_peak_kb": 77824,
      "compress_mb_per_s": 98.90137372549923,
      "decompress_wall_s": 0.006866417010314763,
      "decompress_user_s": 0.0023759999999999337,
      "decompress_sys_s": 0.002814000000000011,
      "decompress_peak_kb": 77824,
      "decompress_mb_per_s": 145.63636296743928,
      "samples": 5,
      "raw_compress_walls": [
        0.013723957992624491,
        0.01011108301463537,
        0.010942458000499755,
        0.009883249993436038,
        0.010015959007432684
      ],
      "raw_decompress_walls": [
        0.006865499977720901,
        0.006866417010314763,
        0.006695958989439532,
        0.007291415997315198,
        0.007342500000959262
      ],
      "error": null
    },
    {
      "compressor": "zstd-19",
      "corpus": "enwik6",
      "input_bytes": 1000000,
      "compressed_bytes": 300115,
      "ratio": 0.300115,
      "roundtrip_ok": true,
      "compress_wall_s": 0.23281216601026244,
      "compress_user_s": 0.22389699999999957,
      "compress_sys_s": 0.006142999999999954,
      "compress_peak_kb": 77824,
      "compress_mb_per_s": 4.295308175415196,
      "decompress_wall_s": 0.00758670800132677,
      "decompress_user_s": 0.0024779999999999802,
      "decompress_sys_s": 0.003029000000000004,
      "decompress_peak_kb": 77824,
      "decompress_mb_per_s": 131.80947518015972,
      "samples": 5,
      "raw_compress_walls": [
        0.22284154201042838,
        0.23281216601026244,
        0.2263100830023177,
        0.23378570898785256,
        0.2387066249793861
      ],
      "raw_decompress_walls": [
        0.008801332995062694,
        0.0072655830008443445,
        0.00704033300280571,
        0.00758670800132677,
        0.007853541988879442
      ],
      "error": null
    },
    {
      "compressor": "zstd-22",
      "corpus": "enwik6",
      "input_bytes": 1000000,
      "compressed_bytes": 300114,
      "ratio": 0.300114,
      "roundtrip_ok": true,
      "compress_wall_s": 0.2237505420052912,
      "compress_user_s": 0.2162519999999999,
      "compress_sys_s": 0.005839999999999956,
      "compress_peak_kb": 77824,
      "compress_mb_per_s": 4.469262916808274,
      "decompress_wall_s": 0.007450959004927427,
      "decompress_user_s": 0.0024809999999995114,
      "decompress_sys_s": 0.0030100000000000127,