{
  "schema_version": 1,
  "platform": "darwin",
  "machine": {
    "uname": "arm64",
    "cpu": "Apple M1 Pro"
  },
  "timestamp": 1775692655,
  "results": [
    {
      "compressor": "gzip-9",
      "corpus": "enwik6",
      "input_bytes": 1000000,
      "compressed_bytes": 355798,
      "ratio": 0.355798,
      "roundtrip_ok": true,
      "compress_wall_s": 0.04340925000724383,
      "compress_user_s": 0.03877,
      "compress_sys_s": 0.0027350000000000013,
      "compress_peak_kb": 1904,
      "compress_mb_per_s": 23.036564783614715,
      "decompress_wall_s": 0.006601125001907349,
      "decompress_user_s": 0.002365999999999993,
      "decompress_sys_s": 0.00251,
      "decompress_peak_kb": 1904,
      "decompress_mb_per_s": 151.48932942658365,
      "samples": 3,
      "raw_compress_walls": [
        0.045139709021896124,
        0.04296583298128098,
        0.04340925000724383
      ],
      "raw_decompress_walls": [
        0.006726333987899125,
        0.006601125001907349,
        0.006384208012605086
      ],
      "error": null
    },
    {
      "compressor": "bzip2-9",
      "corpus": "enwik6",
      "input_bytes": 1000000,
      "compressed_bytes": 281323,
      "ratio": 0.281323,
      "roundtrip_ok": true,
      "compress_wall_s": 0.05998229200486094,
      "compress_user_s": 0.053583999999999965,
      "compress_sys_s": 0.003952000000000001,
      "compress_peak_kb": 7776,
      "compress_mb_per_s": 16.67158700636115,
      "decompress_wall_s": 0.028499500011093915,
      "decompress_user_s": 0.021624000000000032,
      "decompress_sys_s": 0.004382999999999998,
      "decompress_peak_kb": 7776,
      "decompress_mb_per_s": 35.088334869409394,
      "samples": 3,
      "raw_compress_walls": [
        0.06166291600675322,
        0.05998229200486094,
        0.05894470799830742
      ],
      "raw_decompress_walls": [
        0.029380166990449652,
        0.026868958986597136,
        0.028499500011093915
      ],
      "error": null
    },
    {
      "compressor": "xz-9e",
      "corpus": "enwik6",
      "input_bytes": 1000000,
      "compressed_bytes": 290740,
      "ratio": 0.29074,
      "roundtrip_ok": true,
      "compress_wall_s": 0.26521895799669437,
      "compress_user_s": 0.251533,
      "compress_sys_s": 0.010387999999999994,
      "compress_peak_kb": 77856,
      "compress_mb_per_s": 3.7704695303586244,
      "decompress_wall_s": 0.019089375011390075,
      "decompress_user_s": 0.013722000000000012,
      "decompress_sys_s": 0.004025999999999995,
      "decompress_peak_kb": 77856,
      "decompress_mb_per_s": 52.3851618716343,
      "samples": 3,
      "raw_compress_walls": [
        0.2619934579997789,
        0.26521895799669437,
        0.26759729100740515
      ],
      "raw_decompress_walls": [
        0.019089375011390075,
        0.019794207997620106,
        0.0186497499817051
      ],
      "error": null
    },
    {
      "compressor": "zstd-22",
      "corpus": "enwik6",
      "input_bytes": 1000000,
      "compressed_bytes": 300114,
      "ratio": 0.300114,
      "roundtrip_ok": true,
      "compress_wall_s": 0.23044399998616427,
      "compress_user_s": 0.22209999999999996,
      "compress_sys_s": 0.005747000000000002,
      "compress_peak_kb": 77856,
      "compress_mb_per_s": 4.339449063807431,
      "decompress_wall_s": 0.007988875004230067,
      "decompress_user_s": 0.002566999999999986,
      "decompress_sys_s": 0.003132999999999997,
      "decompress_peak_kb": 77856,
      "decompress_mb_per_s": 125.17407012508085,
      "samples": 3,
      "raw_compress_walls": [
        0.23468470899388194,
        0.23044399998616427,
        0.22061179199954495
      ],
      "raw_decompress_walls": [
        0.008344333007698879,
        0.007988875004230067,
        0.007909292005933821
      ],
      "error": null
    },
    {
      "compressor": "krunch-rust-200k",
      "corpus": "enwik6",
      "input_bytes": 1000000,
      "compressed_bytes": 206020,
      "ratio": 0.20602,
      "roundtrip_ok": true,
      "compress_wall_s": 10.99713945799158,
      "compress_user_s": 88.19545599999998,
      "compress_sys_s": 0.58572,
      "compress_peak_kb": 77856,
      "compress_mb_per_s": 0.0909327379015189,
      "decompress_wall_s": 11.661206041986588,
      "decompress_user_s": 89.85364200000004,
      "decompress_sys_s": 0.5795579999999999,
      "decompress_peak_kb": 77856,
      "decompress_mb_per_s": 0.08575442337606114,
      "samples": 3,
      "raw_compress_walls": [
        10.99713945799158,
        10.823633333988255,
        11.162159125000471
      ],
      "raw_decompress_walls": [
        11.374084417009726,
        11.99801320800907,
        11.661206041986588
      ],
      "error": null
    }
  ]
}